<Exception><ExceptionRecord ModuleName="C:\Program Files (x86)\Chinatelecom_JSPortal\ESurfingClient.exe" ExceptionCode="0xc0000005" ExceptionDescription="EXCEPTION_ACCESS_VIOLATION" ExceptionAddress="0x0"/><Processor Architecture="PROCESSOR_ARCHITECTURE_INTEL" Level="Intel Pentium Pro or Pentium II" NumberOfProcessors="4"/><OperatingSystem MajorVersion="6" MinorVersion="2" BuildNumber="9200" CSDVersion=""/><Modules><Module FullPath="C:\Program Files (x86)\Chinatelecom_JSPortal\ESurfingClient.exe" BaseAddress="0x010d0000" Size="0x0008b000" TimeStamp="12/14/2016 09:54:01" FileVersion="1.0.0.1" ProductVersion="1.0.0.1"/><Module FullPath="C:\Windows\System32\ntdll.dll" BaseAddress="0x77070000" Size="0x00183000" TimeStamp="11/11/2016 15:59:59" FileVersion="6.2.14393.479" ProductVersion="10.0.14393.479"/><Module FullPath="C:\Windows\System32\kernel32.dll" BaseAddress="0x74ba0000" Size="0x000e0000" TimeStamp="07/16/2016 19:42:45" FileVersion="6.2.14393.0" ProductVersion="10.0.14393.0"/><Module FullPath="C:\Windows\System32\KERNELBASE.dll" BaseAddress="0x74370000" Size="0x001a1000" TimeStamp="03/04/2017 15:06:36" FileVersion="6.2.14393.953" ProductVersion="10.0.14393.953"/><Module FullPath="C:\Windows\System32\apphelp.dll" BaseAddress="0x739d0000" Size="0x00092000" TimeStamp="07/16/2016 19:42:45" FileVersion="6.2.14393.0" ProductVersion="10.0.14393.0"/><Module FullPath="C:\Windows\AppPatch\AcGenral.dll" BaseAddress="0x5bc50000" Size="0x00264000" TimeStamp="03/04/2017 14:16:10" FileVersion="6.2.14393.953" ProductVersion="10.0.14393.953"/><Module FullPath="C:\Windows\System32\msvcrt.dll" BaseAddress="0x769f0000" Size="0x000be000" TimeStamp="07/16/2016 19:42:49" FileVersion="7.0.14393.0" ProductVersion="10.0.14393.0"/><Module FullPath="C:\Windows\System32\sechost.dll" BaseAddress="0x74e60000" Size="0x00041000" TimeStamp="07/16/2016 19:42:49" FileVersion="6.2.14393.0" ProductVersion="10.0.14393.0"/><Module FullPath="C:\Windows\System32\rpcrt4.dll" BaseAddress="0x73e00000" Size="0x000c1000" TimeStamp="08/06/2016 12:17:45" FileVersion="6.2.14393.82" ProductVersion="10.0.14393.82"/><Module FullPath="C:\Windows\System32\sspicli.dll" BaseAddress="0x73b30000" Size="0x0001e000" TimeStamp="12/09/2016 17:51:08" FileVersion="6.2.14393.576" ProductVersion="10.0.14393.576"/><Module FullPath="C:\Windows\System32\CRYPTBASE.dll" BaseAddress="0x73b20000" Size="0x0000a000" TimeStamp="07/16/2016 19:42:49" FileVersion="6.2.14393.0" ProductVersion="10.0.14393.0"/><Module FullPath="C:\Windows\System32\bcryptPrimitives.dll" BaseAddress="0x74f40000" Size="0x0005a000" TimeStamp="07/16/2016 19:42:27" FileVersion="6.2.14393.0" ProductVersion="10.0.14393.0"/><Module FullPath="C:\Windows\System32\shlwapi.dll" BaseAddress="0x73b50000" Size="0x00046000" TimeStamp="07/16/2016 19:43:02" FileVersion="6.2.14393.0" ProductVersion="10.0.14393.0"/><Module FullPath="C:\Windows\System32\combase.dll" BaseAddress="0x767d0000" Size="0x00211000" TimeStamp="12/09/2016 17:59:24" FileVersion="6.2.14393.576" ProductVersion="10.0.14393.576"/><Module FullPath="C:\Windows\System32\ucrtbase.dll" BaseAddress="0x74d80000" Size="0x000e0000" TimeStamp="07/16/2016 19:42:55" FileVersion="6.2.14393.0" ProductVersion="10.0.14393.0"/><Module FullPath="C:\Windows\System32\gdi32.dll" BaseAddress="0x76f60000" Size="0x0002b000" TimeStamp="09/16/2016 01:23:18" FileVersion="6.2.14393.206" ProductVersion="10.0.14393.206"/><Module FullPath="C:\Windows\System32\gdi32full.dll" BaseAddress="0x75160000" Size="0x0015b000" TimeStamp="03/04/2017 14:42:39" FileVersion="6.2.14393.953" ProductVersion="10.0.14393.953"/><Module FullPath="C:\Windows\System32\user32.dll" BaseAddress="0x73ba0000" Size="0x0015f000" TimeStamp="12/09/2016 17:52:21" FileVersion="6.2.14393.576" ProductVersion="10.0.14393.576"/><Module FullPath="C:\Windows\System32\win32u.dll" BaseAddress="0x75140000" Size="0x00015000" TimeStamp="08/02/2016 12:47:20" FileVersion="6.2.14393.51" ProductVersion="10.0.14393.51"/><Module FullPath="C:\Windows\System32\ole32.dll" BaseAddress="0x752c0000" Size="0x000ea000" TimeStamp="12/09/2016 17:56:15" FileVersion="6.2.14393.576" ProductVersion="10.0.14393.576"/><Module FullPath="C:\Windows\System32\oleaut32.dll" BaseAddress="0x74140000" Size="0x00094000" TimeStamp="11/02/2016 19:22:59" FileVersion="6.2.14393.447" ProductVersion="10.0.14393.447"/><Module FullPath="C:\Windows\System32\msvcp_win.dll" BaseAddress="0x740c0000" Size="0x0007b000" TimeStamp="07/16/2016 19:42:55" FileVersion="6.2.14393.0" ProductVersion="10.0.14393.0"/><Module FullPath="C:\Windows\System32\shell32.dll" BaseAddress="0x753f0000" Size="0x013d9000" TimeStamp="03/04/2017 14:47:25" FileVersion="6.2.14393.953" ProductVersion="10.0.14393.953"/><Module FullPath="C:\Windows\System32\cfgmgr32.dll" BaseAddress="0x753b0000" Size="0x00036000" TimeStamp="07/16/2016 19:42:55" FileVersion="6.2.14393.0" ProductVersion="10.0.14393.0"/><Module FullPath="C:\Windows\System32\windows.storage.dll" BaseAddress="0x745c0000" Size="0x0056e000" TimeStamp="03/04/2017 14:53:19" FileVersion="6.2.14393.953" ProductVersion="10.0.14393.953"/><Module FullPath="C:\Windows\System32\powrprof.dll" BaseAddress="0x73d10000" Size="0x00045000" TimeStamp="07/16/2016 19:42:55" FileVersion="6.2.14393.0" ProductVersion="10.0.14393.0"/><Module FullPath="C:\Windows\System32\advapi32.dll" BaseAddress="0x76f90000" Size="0x00077000" TimeStamp="07/16/2016 19:42:48" FileVersion="6.2.14393.0" ProductVersion="10.0.14393.0"/><Module FullPath="C:\Windows\System32\kernel.appcore.dll" BaseAddress="0x741f0000" Size="0x0000d000" TimeStamp="07/16/2016 19:42:55" FileVersion="6.2.14393.0" ProductVersion="10.0.14393.0"/><Module FullPath="C:\Windows\System32\SHCore.dll" BaseAddress="0x74520000" Size="0x00088000" TimeStamp="03/04/2017 14:52:59" FileVersion="6.2.14393.953" ProductVersion="10.0.14393.953"/><Module FullPath="C:\Windows\System32\profapi.dll" BaseAddress="0x76f50000" Size="0x0000f000" TimeStamp="07/16/2016 19:42:49" FileVersion="6.2.14393.0" ProductVersion="10.0.14393.0"/><Module FullPath="C:\Windows\System32\uxtheme.dll" BaseAddress="0x71c90000" Size="0x00075000" TimeStamp="07/16/2016 19:43:04" FileVersion="6.2.14393.0" ProductVersion="10.0.14393.0"/><Module FullPath="C:\Windows\System32\winmm.dll" BaseAddress="0x72f40000" Size="0x00024000" TimeStamp="07/16/2016 19:42:49" FileVersion="6.2.14393.0" ProductVersion="10.0.14393.0"/><Module FullPath="C:\Windows\System32\samcli.dll" BaseAddress="0x65440000" Size="0x00015000" TimeStamp="07/16/2016 19:42:55" FileVersion="6.2.14393.0" ProductVersion="10.0.14393.0"/><Module FullPath="C:\Windows\System32\msacm32.dll" BaseAddress="0x5bc30000" Size="0x00018000" TimeStamp="07/16/2016 19:42:49" FileVersion="6.2.14393.0" ProductVersion="10.0.14393.0"/><Module FullPath="C:\Windows\System32\version.dll" BaseAddress="0x72190000" Size="0x00008000" TimeStamp="07/16/2016 19:43:04" FileVersion="6.2.14393.0" ProductVersion="10.0.14393.0"/><Module FullPath="C:\Windows\System32\userenv.dll" BaseAddress="0x738e0000" Size="0x0001a000" TimeStamp="07/16/2016 19:42:55" FileVersion="6.2.14393.0" ProductVersion="10.0.14393.0"/><Module FullPath="C:\Windows\System32\dwmapi.dll" BaseAddress="0x710c0000" Size="0x0001f000" TimeStamp="09/16/2016 01:13:51" FileVersion="6.2.14393.206" ProductVersion="10.0.14393.206"/><Module FullPath="C:\Windows\System32\urlmon.dll" BaseAddress="0x6f630000" Size="0x00194000" TimeStamp="03/04/2017 14:01:17" FileVersion="11.0.14393.953" ProductVersion="11.0.14393.953"/><Module FullPath="C:\Windows\System32\winspool.drv" BaseAddress="0x68fb0000" Size="0x0006a000" TimeStamp="03/04/2017 14:19:06" FileVersion="6.2.14393.953" ProductVersion="10.0.14393.953"/><Module FullPath="C:\Windows\System32\mpr.dll" BaseAddress="0x72f20000" Size="0x00016000" TimeStamp="07/16/2016 19:42:55" FileVersion="6.2.14393.0" ProductVersion="10.0.14393.0"/><Module FullPath="C:\Windows\System32\WINMMBASE.dll" BaseAddress="0x72d80000" Size="0x00023000" TimeStamp="07/16/2016 19:42:49" FileVersion="6.2.14393.0" ProductVersion="10.0.14393.0"/><Module FullPath="C:\Windows\System32\iertutil.dll" BaseAddress="0x6f330000" Size="0x00229000" TimeStamp="03/04/2017 14:53:04" FileVersion="11.0.14393.953" ProductVersion="11.0.14393.953"/><Module FullPath="C:\Windows\System32\bcrypt.dll" BaseAddress="0x72d30000" Size="0x0001b000" TimeStamp="12/09/2016 18:00:58" FileVersion="6.2.14393.576" ProductVersion="10.0.14393.576"/><Module FullPath="C:\Windows\AppPatch\AcLayers.dll" BaseAddress="0x5cdb0000" Size="0x00277000" TimeStamp="03/04/2017 14:24:10" FileVersion="6.2.14393.953" ProductVersion="10.0.14393.953"/><Module FullPath="C:\Windows\System32\setupapi.dll" BaseAddress="0x76b40000" Size="0x0040b000" TimeStamp="07/16/2016 19:42:45" FileVersion="6.2.14393.0" ProductVersion="10.0.14393.0"/><Module FullPath="C:\Windows\System32\sfc.dll" BaseAddress="0x00710000" Size="0x00003000" TimeStamp="07/16/2016 19:42:45" FileVersion="6.2.14393.0" ProductVersion="10.0.14393.0"/><Module FullPath="C:\Windows\System32\sfc_os.dll" BaseAddress="0x64d70000" Size="0x0000f000" TimeStamp="07/16/2016 19:42:45" FileVersion="6.2.14393.0" ProductVersion="10.0.14393.0"/><Module FullPath="C:\Windows\System32\imm32.dll" BaseAddress="0x76ab0000" Size="0x00025000" TimeStamp="07/16/2016 19:42:49" FileVersion="6.2.14393.0" ProductVersion="10.0.14393.0"/><Module FullPath="C:\Windows\System32\psapi.dll" BaseAddress="0x741e0000" Size="0x00006000" TimeStamp="07/16/2016 19:42:45" FileVersion="6.2.14393.0" ProductVersion="10.0.14393.0"/><Module FullPath="C:\Program Files (x86)\Chinatelecom_JSPortal\CrashRpt.dll" BaseAddress="0x007d0000" Size="0x00018000" TimeStamp="12/14/2016 09:53:58" FileVersion="3.0.2007.117" ProductVersion="3.0.2007.117"/><Module FullPath="C:\Windows\WinSxS\x86_microsoft.vc90.crt_1fc8b3b9a1e18e3b_9.0.30729.9247_none_5090cb78bcba4a35\msvcr90.dll" BaseAddress="0x73a70000" Size="0x000a3000" TimeStamp="07/16/2016 19:43:08" FileVersion="9.0.30729.9247" ProductVersion="9.0.30729.9247"/><Module FullPath="C:\Windows\WinSxS\x86_microsoft.windows.common-controls_6595b64144ccf1df_6.0.14393.953_none_89c2555adb023171\comctl32.dll" BaseAddress="0x6fab0000" Size="0x0020a000" TimeStamp="03/04/2017 14:46:47" FileVersion="6.10.14393.953" ProductVersion="10.0.14393.953"/><Module FullPath="C:\Program Files (x86)\Chinatelecom_JSPortal\Singleton.dll" BaseAddress="0x10000000" Size="0x0000d000" TimeStamp="12/14/2016 09:54:01" FileVersion="0.0.0.0" ProductVersion="0.0.0.0"/><Module FullPath="C:\Windows\WinSxS\x86_microsoft.vc90.mfc_1fc8b3b9a1e18e3b_9.0.30729.4148_none_4bf5400abf9d60b7\mfc90u.dll" BaseAddress="0x5b300000" Size="0x003a1000" TimeStamp="02/21/2017 12:33:01" FileVersion="9.0.30729.4148" ProductVersion="9.0.30729.4148"/><Module FullPath="C:\Program Files (x86)\Chinatelecom_JSPortal\TDirectUILib.dll" BaseAddress="0x5b240000" Size="0x000b2000" TimeStamp="12/14/2016 09:53:58" FileVersion="0.0.0.0" ProductVersion="0.0.0.0"/><Module FullPath="C:\Windows\WinSxS\x86_microsoft.vc90.crt_1fc8b3b9a1e18e3b_9.0.30729.9247_none_5090cb78bcba4a35\msvcp90.dll" BaseAddress="0x5b7c0000" Size="0x0008e000" TimeStamp="07/16/2016 19:43:08" FileVersion="9.0.30729.9247" ProductVersion="9.0.30729.9247"/><Module FullPath="C:\Program Files (x86)\Chinatelecom_JSPortal\Language.dll" BaseAddress="0x007f0000" Size="0x0000d000" TimeStamp="12/14/2016 09:53:58" FileVersion="1.0.0.1" ProductVersion="1.0.0.1"/><Module FullPath="C:\Program Files (x86)\Chinatelecom_JSPortal\ModFrwk.dll" BaseAddress="0x00cd0000" Size="0x0002a000" TimeStamp="12/14/2016 09:53:23" FileVersion="1.0.0.1" ProductVersion="1.0.0.1"/><Module FullPath="C:\Windows\System32\winhttp.dll" BaseAddress="0x72dc0000" Size="0x000a0000" TimeStamp="03/04/2017 14:16:28" FileVersion="6.2.14393.953" ProductVersion="10.0.14393.953"/><Module FullPath="C:\Windows\System32\msimg32.dll" BaseAddress="0x6f560000" Size="0x00006000" TimeStamp="07/16/2016 19:42:49" FileVersion="6.2.14393.0" ProductVersion="10.0.14393.0"/><Module FullPath="C:\Windows\System32\mfc42.dll" BaseAddress="0x5ba90000" Size="0x00129000" TimeStamp="07/16/2016 19:42:48" FileVersion="6.6.8063.0" ProductVersion="6.6.4.0"/><Module FullPath="C:\Windows\WinSxS\x86_microsoft.windows.gdiplus_6595b64144ccf1df_1.1.14393.953_none_baad48403594ab3f\GdiPlus.dll" BaseAddress="0x707c0000" Size="0x00169000" TimeStamp="03/04/2017 14:16:22" FileVersion="6.2.14393.953" ProductVersion="10.0.14393.953"/><Module FullPath="C:\Windows\System32\odbc32.dll" BaseAddress="0x5b980000" Size="0x0009a000" TimeStamp="07/16/2016 19:42:48" FileVersion="6.2.14393.0" ProductVersion="10.0.14393.0"/><Module FullPath="C:\Windows\System32\dpapi.dll" BaseAddress="0x70ee0000" Size="0x00008000" TimeStamp="07/16/2016 19:42:55" FileVersion="6.2.14393.0" ProductVersion="10.0.14393.0"/><Module FullPath="C:\Windows\System32\comdlg32.dll" BaseAddress="0x74c90000" Size="0x000e5000" TimeStamp="11/11/2016 15:04:27" FileVersion="6.2.14393.479" ProductVersion="10.0.14393.479"/><Module FullPath="C:\Windows\System32\dbghelp.dll" BaseAddress="0x721a0000" Size="0x00145000" TimeStamp="07/16/2016 19:42:56" FileVersion="6.2.14321.1024" ProductVersion="10.0.14321.1024"/><Module FullPath="C:\Windows\System32\ws2_32.dll" BaseAddress="0x74b30000" Size="0x00063000" TimeStamp="09/16/2016 01:37:05" FileVersion="6.2.14393.206" ProductVersion="10.0.14393.206"/><Module FullPath="C:\Program Files (x86)\Chinatelecom_JSPortal\EMailLib.dll" BaseAddress="0x00ca0000" Size="0x0000c000" TimeStamp="12/14/2016 09:54:01" FileVersion="1.0.0.1" ProductVersion="1.0.0.1"/><Module FullPath="C:\Program Files (x86)\Chinatelecom_JSPortal\zlib.dll" BaseAddress="0x00cb0000" Size="0x00011000" TimeStamp="12/14/2016 09:54:01" FileVersion="1.1.3.0" ProductVersion="1.1.3.0"/><Module FullPath="C:\Windows\System32\wsock32.dll" BaseAddress="0x72db0000" Size="0x00008000" TimeStamp="07/16/2016 19:43:01" FileVersion="6.2.14393.0" ProductVersion="10.0.14393.0"/><Module FullPath="C:\Windows\System32\crtdll.dll" BaseAddress="0x10010000" Size="0x00027000" TimeStamp="07/16/2016 19:42:48" FileVersion="4.0.1183.1" ProductVersion="4.0.1183.1"/><Module FullPath="C:\Windows\System32\dbgcore.dll" BaseAddress="0x71120000" Size="0x00025000" TimeStamp="07/16/2016 19:42:56" FileVersion="6.2.14321.1024" ProductVersion="10.0.14321.1024"/><Module FullPath="C:\Windows\System32\mfc42u.dll" BaseAddress="0x5b850000" Size="0x00130000" TimeStamp="07/16/2016 19:42:48" FileVersion="6.6.8063.0" ProductVersion="6.6.4.0"/><Module FullPath="C:\Windows\WinSxS\x86_microsoft.vc90.mfcloc_1fc8b3b9a1e18e3b_9.0.30729.4148_none_4973eb1d754a9dc9\MFC90CHS.DLL" BaseAddress="0x00f80000" Size="0x00009000" TimeStamp="02/21/2017 12:33:02" FileVersion="9.0.30729.4148" ProductVersion="9.0.30729.4148"/><Module FullPath="C:\Windows\System32\clbcatq.dll" BaseAddress="0x74eb0000" Size="0x00084000" TimeStamp="07/16/2016 19:42:46" FileVersion="2001.12.10941.16384" ProductVersion="10.0.14393.0"/><Module FullPath="C:\Windows\System32\dlnashext.dll" BaseAddress="0x5b1f0000" Size="0x00042000" TimeStamp="09/16/2016 00:45:49" FileVersion="6.2.14393.206" ProductVersion="10.0.14393.206"/><Module FullPath="C:\Windows\System32\DevDispItemProvider.dll" BaseAddress="0x5bc00000" Size="0x0001b000" TimeStamp="07/16/2016 19:42:53" FileVersion="6.2.14393.0" ProductVersion="10.0.14393.0"/><Module FullPath="C:\Windows\System32\propsys.dll" BaseAddress="0x70120000" Size="0x0014f000" TimeStamp="07/16/2016 19:42:54" FileVersion="7.0.14393.0" ProductVersion="7.0.14393.0"/><Module FullPath="C:\Windows\System32\devobj.dll" BaseAddress="0x72d50000" Size="0x00022000" TimeStamp="07/16/2016 19:42:55" FileVersion="6.2.14393.0" ProductVersion="10.0.14393.0"/><Module FullPath="C:\Windows\System32\wpdshext.dll" BaseAddress="0x5afa0000" Size="0x001ef000" TimeStamp="07/16/2016 19:44:22" FileVersion="6.2.14393.0" ProductVersion="10.0.14393.0"/><Module FullPath="C:\Windows\System32\actxprxy.dll" BaseAddress="0x5ae10000" Size="0x00186000" TimeStamp="11/11/2016 15:03:16" FileVersion="6.2.14393.479" ProductVersion="10.0.14393.479"/><Module FullPath="C:\Program Files (x86)\Chinatelecom_JSPortal\Deploy.dll" BaseAddress="0x04160000" Size="0x0003d000" TimeStamp="12/14/2016 09:53:27" FileVersion="1.0.0.1" ProductVersion="1.0.0.1"/><Module FullPath="C:\Windows\System32\msvcp60.dll" BaseAddress="0x5ba20000" Size="0x00070000" TimeStamp="07/16/2016 19:42:55" FileVersion="7.0.14393.0" ProductVersion="10.0.14393.0"/><Module FullPath="C:\Program Files (x86)\Chinatelecom_JSPortal\HttpModule.dll" BaseAddress="0x02b20000" Size="0x00011000" TimeStamp="12/14/2016 09:53:58" FileVersion="1.0.0.1" ProductVersion="1.0.0.1"/><Module FullPath="C:\Windows\System32\wininet.dll" BaseAddress="0x72f70000" Size="0x00266000" TimeStamp="03/04/2017 14:00:47" FileVersion="11.0.14393.953" ProductVersion="11.0.14393.953"/><Module FullPath="C:\Program Files (x86)\Chinatelecom_JSPortal\DialManage.dll" BaseAddress="0x041a0000" Size="0x00038000" TimeStamp="12/14/2016 09:53:58" FileVersion="1.0.0.1" ProductVersion="1.0.0.1"/><Module FullPath="C:\Windows\System32\mswsock.dll" BaseAddress="0x71e40000" Size="0x0004e000" TimeStamp="07/16/2016 19:42:55" FileVersion="6.2.14393.0" ProductVersion="10.0.14393.0"/><Module FullPath="C:\Windows\System32\IPHLPAPI.DLL" BaseAddress="0x73900000" Size="0x0002f000" TimeStamp="03/04/2017 15:02:53" FileVersion="6.2.14393.953" ProductVersion="10.0.14393.953"/><Module FullPath="C:\Windows\System32\rasapi32.dll" BaseAddress="0x72060000" Size="0x0008f000" TimeStamp="11/11/2016 15:03:41" FileVersion="6.2.14393.479" ProductVersion="10.0.14393.479"/><Module FullPath="C:\Windows\System32\rasman.dll" BaseAddress="0x72010000" Size="0x00019000" TimeStamp="07/16/2016 19:43:02" FileVersion="6.2.14393.0" ProductVersion="10.0.14393.0"/><Module FullPath="C:\Windows\WinSxS\x86_microsoft.vc90.mfc_1fc8b3b9a1e18e3b_9.0.30729.4148_none_4bf5400abf9d60b7\mfc90.dll" BaseAddress="0x5aa70000" Size="0x0039c000" TimeStamp="02/21/2017 12:33:01" FileVersion="9.0.30729.4148" ProductVersion="9.0.30729.4148"/><Module FullPath="C:\Program Files (x86)\Chinatelecom_JSPortal\UpdateModule.dll" BaseAddress="0x042d0000" Size="0x0001d000" TimeStamp="12/14/2016 09:54:01" FileVersion="1.0.0.1" ProductVersion="1.0.0.1"/><Module FullPath="C:\Program Files (x86)\Chinatelecom_JSPortal\UpdateUIModule.dll" BaseAddress="0x04310000" Size="0x00047000" TimeStamp="03/14/2017 11:07:27" FileVersion="1.0.0.1" ProductVersion="1.0.0.1"/><Module FullPath="C:\Program Files (x86)\Chinatelecom_JSPortal\CmptManModule.dll" BaseAddress="0x04380000" Size="0x00033000" TimeStamp="12/14/2016 09:54:01" FileVersion="1.0.0.1" ProductVersion="1.0.0.1"/><Module FullPath="C:\Program Files (x86)\Chinatelecom_JSPortal\InfoCenterModule.dll" BaseAddress="0x043e0000" Size="0x00027000" TimeStamp="12/14/2016 09:54:01" FileVersion="1.0.0.1" ProductVersion="1.0.0.1"/><Module FullPath="C:\Windows\System32\netapi32.dll" BaseAddress="0x731e0000" Size="0x00013000" TimeStamp="07/16/2016 19:42:49" FileVersion="6.2.14393.0" ProductVersion="10.0.14393.0"/><Module FullPath="C:\Program Files (x86)\Chinatelecom_JSPortal\Notification.dll" BaseAddress="0x5b7a0000" Size="0x00015000" TimeStamp="12/14/2016 09:53:58" FileVersion="1.0.0.1" ProductVersion="1.0.0.1"/><Module FullPath="C:\Windows\System32\ondemandconnroutehelper.dll" BaseAddress="0x70300000" Size="0x00010000" TimeStamp="07/16/2016 19:42:53" FileVersion="6.2.14393.0" ProductVersion="10.0.14393.0"/><Module FullPath="C:\Program Files (x86)\Chinatelecom_JSPortal\MktIntf.dll" BaseAddress="0x04480000" Size="0x0002b000" TimeStamp="12/14/2016 09:54:01" FileVersion="1.0.0.1" ProductVersion="1.0.0.1"/><Module FullPath="C:\Windows\System32\winnsi.dll" BaseAddress="0x70270000" Size="0x00008000" TimeStamp="07/16/2016 19:42:27" FileVersion="6.2.14393.0" ProductVersion="10.0.14393.0"/><Module FullPath="C:\Windows\System32\nsi.dll" BaseAddress="0x745b0000" Size="0x00007000" TimeStamp="07/16/2016 19:42:27" FileVersion="6.2.14393.0" ProductVersion="10.0.14393.0"/><Module FullPath="C:\Program Files (x86)\Chinatelecom_JSPortal\Interface.dll" BaseAddress="0x044d0000" Size="0x0000a000" TimeStamp="12/14/2016 09:54:01" FileVersion="1.0.0.1" ProductVersion="1.0.0.1"/><Module FullPath="C:\Program Files (x86)\Chinatelecom_JSPortal\viewmgr.dll" BaseAddress="0x04500000" Size="0x00009000" TimeStamp="12/14/2016 09:53:58" FileVersion="1.0.0.1" ProductVersion="1.0.0.1"/><Module FullPath="C:\Program Files (x86)\Chinatelecom_JSPortal\AppDeploy.dll" BaseAddress="0x04510000" Size="0x0000e000" TimeStamp="12/14/2016 09:53:27" FileVersion="1.0.0.1" ProductVersion="1.0.0.1"/><Module FullPath="C:\Program Files (x86)\Chinatelecom_JSPortal\DriverSetupPkg.dll" BaseAddress="0x04520000" Size="0x0000f000" TimeStamp="12/14/2016 09:53:58" FileVersion="1.0.0.1" ProductVersion="1.0.0.1"/><Module FullPath="C:\Program Files (x86)\Chinatelecom_JSPortal\MsgWnd.dll" BaseAddress="0x04530000" Size="0x00031000" TimeStamp="12/14/2016 09:54:01" FileVersion="1.0.0.1" ProductVersion="1.0.0.1"/><Module FullPath="C:\Program Files (x86)\Chinatelecom_JSPortal\QRImage.dll" BaseAddress="0x5aa60000" Size="0x0000d000" TimeStamp="12/14/2016 09:54:01" FileVersion="1.0.0.1" ProductVersion="1.0.0.1"/><Module FullPath="C:\Program Files (x86)\Chinatelecom_JSPortal\NetEnvManager.dll" BaseAddress="0x5aa40000" Size="0x00011000" TimeStamp="12/14/2016 09:53:58" FileVersion="1.0.0.1" ProductVersion="1.0.0.1"/><Module FullPath="C:\Windows\System32\mprapi.dll" BaseAddress="0x5a9c0000" Size="0x00072000" TimeStamp="09/16/2016 00:52:13" FileVersion="6.2.14393.206" ProductVersion="10.0.14393.206"/><Module FullPath="C:\Program Files (x86)\Chinatelecom_JSPortal\ServerModule.dll" BaseAddress="0x5a9a0000" Size="0x0001a000" TimeStamp="12/14/2016 09:54:01" FileVersion="1.0.0.1" ProductVersion="1.0.0.1"/><Module FullPath="C:\Program Files (x86)\Chinatelecom_JSPortal\NetChecker.dll" BaseAddress="0x5a980000" Size="0x00015000" TimeStamp="12/14/2016 09:53:58" FileVersion="1.0.0.1" ProductVersion="1.0.0.1"/><Module FullPath="C:\Program Files (x86)\Chinatelecom_JSPortal\DataSubmit.dll" BaseAddress="0x5a950000" Size="0x0002a000" TimeStamp="12/14/2016 09:54:01" FileVersion="1.0.0.1" ProductVersion="1.0.0.1"/><Module FullPath="C:\Windows\System32\wtsapi32.dll" BaseAddress="0x72180000" Size="0x0000f000" TimeStamp="07/16/2016 19:43:04" FileVersion="6.2.14393.0" ProductVersion="10.0.14393.0"/><Module FullPath="C:\Windows\WinSxS\x86_microsoft.vc90.atl_1fc8b3b9a1e18e3b_9.0.30729.4148_none_51ca66a2bbe76806\ATL90.dll" BaseAddress="0x5a920000" Size="0x0002b000" TimeStamp="02/21/2017 12:33:01" FileVersion="9.0.30729.4148" ProductVersion="9.0.30729.4148"/><Module FullPath="C:\Program Files (x86)\Chinatelecom_JSPortal\LogManager.dll" BaseAddress="0x5a8f0000" Size="0x00023000" TimeStamp="12/14/2016 09:54:01" FileVersion="0.0.0.0" ProductVersion="0.0.0.0"/><Module FullPath="C:\Windows\System32\wintrust.dll" BaseAddress="0x74010000" Size="0x00044000" TimeStamp="03/04/2017 14:52:02" FileVersion="6.2.14393.953" ProductVersion="10.0.14393.953"/><Module FullPath="C:\Windows\System32\msasn1.dll" BaseAddress="0x73d00000" Size="0x0000e000" TimeStamp="07/16/2016 19:42:55" FileVersion="6.2.14393.0" ProductVersion="10.0.14393.0"/><Module FullPath="C:\Windows\System32\crypt32.dll" BaseAddress="0x74fa0000" Size="0x0017d000" TimeStamp="10/15/2016 12:18:38" FileVersion="6.2.14393.351" ProductVersion="10.0.14393.351"/><Module FullPath="C:\Program Files (x86)\Chinatelecom_JSPortal\EKernel.dll" BaseAddress="0x5a8c0000" Size="0x0002c000" TimeStamp="12/14/2016 09:53:58" FileVersion="1.0.0.1" ProductVersion="1.0.0.1"/><Module FullPath="C:\Windows\System32\sxs.dll" BaseAddress="0x65240000" Size="0x00081000" TimeStamp="07/16/2016 19:42:56" FileVersion="6.2.14393.0" ProductVersion="10.0.14393.0"/><Module FullPath="C:\Windows\System32\msctf.dll" BaseAddress="0x73ed0000" Size="0x00135000" TimeStamp="03/04/2017 14:42:29" FileVersion="6.2.14393.953" ProductVersion="10.0.14393.953"/><Module FullPath="C:\Windows\System32\ieframe.dll" BaseAddress="0x64190000" Size="0x00ba8000" TimeStamp="03/04/2017 14:07:47" FileVersion="11.0.14393.953" ProductVersion="11.0.14393.953"/><Module FullPath="C:\Windows\System32\netutils.dll" BaseAddress="0x71ff0000" Size="0x0000b000" TimeStamp="07/16/2016 19:42:55" FileVersion="6.2.14393.0" ProductVersion="10.0.14393.0"/><Module FullPath="C:\Windows\System32\wkscli.dll" BaseAddress="0x72000000" Size="0x00010000" TimeStamp="07/16/2016 19:42:55" FileVersion="6.2.14393.0" ProductVersion="10.0.14393.0"/><Module FullPath="C:\Program Files (x86)\Chinatelecom_JSPortal\Cryptography.dll" BaseAddress="0x5b780000" Size="0x00011000" TimeStamp="12/14/2016 09:54:01" FileVersion="1.0.0.1" ProductVersion="1.0.0.1"/><Module FullPath="C:\Windows\System32\msftedit.dll" BaseAddress="0x5a610000" Size="0x002a3000" TimeStamp="03/04/2017 14:02:37" FileVersion="6.2.14393.953" ProductVersion="10.0.14393.953"/><Module FullPath="C:\Windows\System32\Windows.Globalization.dll" BaseAddress="0x5a4d0000" Size="0x00136000" TimeStamp="03/04/2017 14:03:32" FileVersion="6.2.14393.953" ProductVersion="10.0.14393.953"/><Module FullPath="C:\Windows\System32\Bcp47Langs.dll" BaseAddress="0x5b720000" Size="0x00052000" TimeStamp="07/16/2016 19:42:55" FileVersion="6.2.14393.0" ProductVersion="10.0.14393.0"/><Module FullPath="C:\Windows\System32\globinputhost.dll" BaseAddress="0x5b6f0000" Size="0x00025000" TimeStamp="07/16/2016 19:42:55" FileVersion="6.2.14393.0" ProductVersion="10.0.14393.0"/><Module FullPath="C:\Windows\System32\ierd_tgp_lsp.dll" BaseAddress="0x71e90000" Size="0x00113000" TimeStamp="02/16/2017 19:12:58" FileVersion="2.10.1.4390" ProductVersion="2.10.1.4390"/><Module FullPath="C:\Program Files (x86)\Common Files\System\csspi\lsp\cslsp5.0.0.dll" BaseAddress="0x71da0000" Size="0x000a0000" TimeStamp="03/15/2017 08:36:13" FileVersion="2.2.6.0" ProductVersion="2.2.6.0"/><Module FullPath="C:\Windows\System32\wshqos.dll" BaseAddress="0x71d90000" Size="0x00008000" TimeStamp="07/16/2016 19:42:53" FileVersion="6.2.14393.0" ProductVersion="10.0.14393.0"/><Module FullPath="C:\Windows\System32\WSHTCPIP.DLL" BaseAddress="0x71d80000" Size="0x00007000" TimeStamp="07/16/2016 19:42:55" FileVersion="6.2.14393.0" ProductVersion="10.0.14393.0"/><Module FullPath="C:\Windows\System32\wship6.dll" BaseAddress="0x71d70000" Size="0x00007000" TimeStamp="07/16/2016 19:42:55" FileVersion="6.2.14393.0" ProductVersion="10.0.14393.0"/><Module FullPath="C:\Windows\System32\dnsapi.dll" BaseAddress="0x73200000" Size="0x0007d000" TimeStamp="03/04/2017 15:09:33" FileVersion="6.2.14393.953" ProductVersion="10.0.14393.953"/><Module FullPath="C:\Windows\System32\rasadhlp.dll" BaseAddress="0x71d60000" Size="0x00008000" TimeStamp="07/16/2016 19:43:00" FileVersion="6.2.14393.0" ProductVersion="10.0.14393.0"/><Module FullPath="C:\Windows\System32\FWPUCLNT.DLL" BaseAddress="0x72790000" Size="0x00049000" TimeStamp="07/16/2016 19:42:55" FileVersion="6.2.14393.0" ProductVersion="10.0.14393.0"/><Module FullPath="C:\Windows\System32\webio.dll" BaseAddress="0x70280000" Size="0x00076000" TimeStamp="09/16/2016 00:54:36" FileVersion="6.2.14393.206" ProductVersion="10.0.14393.206"/><Module FullPath="C:\Windows\System32\NapiNSP.dll" BaseAddress="0x729b0000" Size="0x00012000" TimeStamp="07/16/2016 19:43:01" FileVersion="6.2.14393.0" ProductVersion="10.0.14393.0"/><Module FullPath="C:\Windows\System32\pnrpnsp.dll" BaseAddress="0x72990000" Size="0x00016000" TimeStamp="07/16/2016 19:44:01" FileVersion="6.2.14393.0" ProductVersion="10.0.14393.0"/><Module FullPath="C:\Windows\System32\nlaapi.dll" BaseAddress="0x727e0000" Size="0x00014000" TimeStamp="07/16/2016 19:43:52" FileVersion="6.2.14393.0" ProductVersion="10.0.14393.0"/><Module FullPath="C:\Windows\System32\winrnr.dll" BaseAddress="0x72980000" Size="0x0000c000" TimeStamp="07/16/2016 19:42:46" FileVersion="6.2.14393.0" ProductVersion="10.0.14393.0"/><Module FullPath="C:\Windows\System32\dhcpcsvc.dll" BaseAddress="0x71fb0000" Size="0x00014000" TimeStamp="07/16/2016 19:42:55" FileVersion="6.2.14393.0" ProductVersion="10.0.14393.0"/><Module FullPath="C:\Windows\System32\rtutils.dll" BaseAddress="0x64d60000" Size="0x00010000" TimeStamp="07/16/2016 19:43:02" FileVersion="6.2.14393.0" ProductVersion="10.0.14393.0"/><Module FullPath="C:\Windows\System32\wbem\wbemprox.dll" BaseAddress="0x6f590000" Size="0x0000d000" TimeStamp="07/16/2016 19:42:56" FileVersion="6.2.14393.0" ProductVersion="10.0.14393.0"/><Module FullPath="C:\Windows\System32\wbemcomn.dll" BaseAddress="0x690f0000" Size="0x00067000" TimeStamp="07/16/2016 19:42:56" FileVersion="6.2.14393.0" ProductVersion="10.0.14393.0"/><Module FullPath="C:\Windows\System32\wbem\wbemsvc.dll" BaseAddress="0x6f570000" Size="0x00010000" TimeStamp="07/16/2016 19:42:56" FileVersion="6.2.14393.0" ProductVersion="10.0.14393.0"/><Module FullPath="C:\Windows\System32\wbem\fastprox.dll" BaseAddress="0x69020000" Size="0x000c2000" TimeStamp="07/16/2016 19:42:56" FileVersion="6.2.14393.0" ProductVersion="10.0.14393.0"/><Module FullPath="C:\Windows\System32\dhcpcsvc6.DLL" BaseAddress="0x71fd0000" Size="0x00013000" TimeStamp="07/16/2016 19:42:55" FileVersion="6.2.14393.0" ProductVersion="10.0.14393.0"/><Module FullPath="C:\Windows\System32\mshtml.dll" BaseAddress="0x5dc70000" Size="0x01395000" TimeStamp="03/04/2017 14:13:19" FileVersion="11.0.14393.953" ProductVersion="11.0.14393.953"/><Module FullPath="C:\Windows\System32\srpapi.dll" BaseAddress="0x65210000" Size="0x00021000" TimeStamp="07/16/2016 19:43:01" FileVersion="6.2.14393.0" ProductVersion="10.0.14393.0"/><Module FullPath="C:\Windows\System32\mlang.dll" BaseAddress="0x700e0000" Size="0x00034000" TimeStamp="07/16/2016 19:42:53" FileVersion="6.2.14393.0" ProductVersion="10.0.14393.0"/><Module FullPath="C:\Windows\System32\ieapfltr.dll" BaseAddress="0x65090000" Size="0x00177000" TimeStamp="11/02/2016 18:26:20" FileVersion="11.0.14393.447" ProductVersion="11.0.14393.447"/><Module FullPath="C:\Windows\System32\cryptsp.dll" BaseAddress="0x72b70000" Size="0x00013000" TimeStamp="07/16/2016 19:42:55" FileVersion="6.2.14393.0" ProductVersion="10.0.14393.0"/><Module FullPath="C:\Windows\System32\msimtf.dll" BaseAddress="0x65080000" Size="0x0000e000" TimeStamp="07/16/2016 19:43:04" FileVersion="6.2.14393.0" ProductVersion="10.0.14393.0"/><Module FullPath="C:\Windows\System32\msls31.dll" BaseAddress="0x65a00000" Size="0x00031000" TimeStamp="07/16/2016 19:43:02" FileVersion="3.10.349.0" ProductVersion="3.10.0.0"/><Module FullPath="C:\Windows\System32\d2d1.dll" BaseAddress="0x5d400000" Size="0x004d8000" TimeStamp="12/21/2016 12:24:30" FileVersion="6.2.14393.693" ProductVersion="10.0.14393.693"/><Module FullPath="C:\Windows\System32\DWrite.dll" BaseAddress="0x66610000" Size="0x001f5000" TimeStamp="03/04/2017 14:00:27" FileVersion="6.2.14393.953" ProductVersion="10.0.14393.953"/><Module FullPath="C:\Windows\System32\dxgi.dll" BaseAddress="0x70ff0000" Size="0x00083000" TimeStamp="03/04/2017 14:54:03" FileVersion="6.2.14393.953" ProductVersion="10.0.14393.953"/><Module FullPath="C:\Windows\System32\d3d11.dll" BaseAddress="0x661e0000" Size="0x00230000" TimeStamp="03/04/2017 14:54:12" FileVersion="6.2.14393.953" ProductVersion="10.0.14393.953"/><Module FullPath="C:\Windows\System32\d3d10warp.dll" BaseAddress="0x64e40000" Size="0x00236000" TimeStamp="12/09/2016 18:01:59" FileVersion="6.2.14393.576" ProductVersion="10.0.14393.576"/><Module FullPath="C:\Windows\System32\secur32.dll" BaseAddress="0x70500000" Size="0x0000a000" TimeStamp="07/16/2016 19:43:01" FileVersion="6.2.14393.0" ProductVersion="10.0.14393.0"/><Module FullPath="C:\Windows\System32\uiautomationcore.dll" BaseAddress="0x5a210000" Size="0x00152000" TimeStamp="11/11/2016 15:15:26" FileVersion="7.2.14393.479" ProductVersion="10.0.14393.479"/><Module FullPath="C:\Windows\System32\jscript9.dll" BaseAddress="0x5d8e0000" Size="0x00388000" TimeStamp="03/04/2017 14:03:11" FileVersion="11.0.14393.953" ProductVersion="11.0.14393.953"/><Module FullPath="C:\Windows\System32\windowscodecs.dll" BaseAddress="0x69380000" Size="0x0016e000" TimeStamp="12/09/2016 18:01:43" FileVersion="6.2.14393.576" ProductVersion="10.0.14393.576"/><Module FullPath="C:\Windows\System32\dxtrans.dll" BaseAddress="0x5a1c0000" Size="0x00048000" TimeStamp="11/02/2016 18:43:32" FileVersion="11.0.14393.447" ProductVersion="11.0.14393.447"/><Module FullPath="C:\Windows\System32\atl.dll" BaseAddress="0x5a1a0000" Size="0x00018000" TimeStamp="07/16/2016 19:42:48" FileVersion="3.5.2284.0" ProductVersion="6.5.0.2284"/><Module FullPath="C:\Windows\System32\ddrawex.dll" BaseAddress="0x5b6b0000" Size="0x0000f000" TimeStamp="03/04/2017 14:27:43" FileVersion="6.2.14393.953" ProductVersion="10.0.14393.953"/><Module FullPath="C:\Windows\System32\ddraw.dll" BaseAddress="0x656a0000" Size="0x000ed000" TimeStamp="03/04/2017 14:18:10" FileVersion="6.2.14393.953" ProductVersion="10.0.14393.953"/><Module FullPath="C:\Windows\System32\dciman32.dll" BaseAddress="0x65690000" Size="0x00007000" TimeStamp="07/16/2016 19:42:49" FileVersion="6.2.14393.0" ProductVersion="10.0.14393.0"/><Module FullPath="C:\Windows\System32\dxtmsft.dll" BaseAddress="0x5a130000" Size="0x00068000" TimeStamp="07/16/2016 19:44:01" FileVersion="11.0.14393.0" ProductVersion="11.0.14393.0"/><Module FullPath="C:\Windows\System32\imgutil.dll" BaseAddress="0x5a120000" Size="0x0000e000" TimeStamp="07/16/2016 19:44:01" FileVersion="11.0.14393.0" ProductVersion="11.0.14393.0"/><Module FullPath="C:\Windows\System32\ntmarta.dll" BaseAddress="0x72950000" Size="0x00028000" TimeStamp="07/16/2016 19:42:55" FileVersion="6.2.14393.0" ProductVersion="10.0.14393.0"/><Module FullPath="C:\Windows\System32\SogouTSF.ime" BaseAddress="0x5c420000" Size="0x00133000" TimeStamp="02/20/2017 14:54:34" FileVersion="8.2.0.9257" ProductVersion="8.2.0.9257"/><Module FullPath="C:\Windows\System32\SogouPY.ime" BaseAddress="0x10b40000" Size="0x00523000" TimeStamp="02/20/2017 14:54:34" FileVersion="8.2.0.9257" ProductVersion="8.2.0.9257"/><Module FullPath="C:\Windows\System32\oleacc.dll" BaseAddress="0x68f30000" Size="0x00054000" TimeStamp="03/04/2017 14:20:20" FileVersion="7.2.14393.953" ProductVersion="10.0.14393.953"/><Module FullPath="d:\software\SogouInput\8.2.0.9257\Resource.dll" BaseAddress="0x12160000" Size="0x000dd000" TimeStamp="02/09/2017 16:57:14" FileVersion="8.2.0.9257" ProductVersion="8.2.0.9257"/><Module FullPath="d:\software\SogouInput\Components\PicFace\1.0.0.1630\PicFace.dll" BaseAddress="0x59b50000" Size="0x00195000" TimeStamp="02/21/2017 21:45:11" FileVersion="1.0.0.1630" ProductVersion="1.0.0.1630"/><Module FullPath="C:\Windows\System32\riched32.dll" BaseAddress="0x5bfe0000" Size="0x00006000" TimeStamp="07/16/2016 19:43:04" FileVersion="6.2.14393.0" ProductVersion="10.0.14393.0"/><Module FullPath="C:\Windows\System32\riched20.dll" BaseAddress="0x65a40000" Size="0x00081000" TimeStamp="07/16/2016 19:43:04" FileVersion="5.31.23.1231" ProductVersion="5.0.0.0"/><Module FullPath="C:\Windows\System32\usp10.dll" BaseAddress="0x66d50000" Size="0x00017000" TimeStamp="07/16/2016 19:42:49" FileVersion="6.2.14393.0" ProductVersion="10.0.14393.0"/></Modules></Exception>
